Futur500;;;;;;;;;;;
;ID;Name;Industry;Inception;Employees;State;City;Revenue;Expenses;Profit;Growth
Software;;;;;;;;;;;
;1;Over-Hex;Software;2006;25;TN;Franklin; € 9,684,527;1,130,700 Euros;8553827;19 %
;5;Yearflex;Software;2013;45;WI;Madison; € 8,567,910;4,374,841 Euros;4193069;19 %
;20;Daltfase;Software;2011;78;NC;Durham; € 10,410,628;6,196,409 Euros;4214219;17 %
;24;Quozap;Software;2004;21;NJ;Collingswood; € 8,304,480;7,019,973 Euros;1284507;20 %
;28;Unadex;Software;2013;280;NC;Cary; € 5,231,275;2,388,521 Euros;2842754;19 %
;30;Tambase;Software;2010;29;AZ;Scottsdale; € 9,141,817;2,394,135 Euros;6747682;21 %
;32;Konktraxbam;Software;2011;3;WI;Franklin; € 11,504,780;4,682,545 Euros;6822235;19 %
;43;Istone;Software;2011;50;VA;Reston; € 4,424,720;461,975 Euros;3962745;20 %
;60;Namdom;Software;2013;105;IL;Chicago; € 8,362,411;2,544,307 Euros;5818104;19 %
;61;Tempbam;Software;2013;134;WA;Seattle; € 8,980,591;6,089,130 Euros;2891461;25 %
;66;Zathtone;Software;2009;121;NY;New York; € 8,953,759;4,069,681 Euros;4884078;21 %
;69;Hexhouse;Software;2006;668;MA;Cambridge; € 10,221,740;1,885,810 Euros;8335930;14 %
;70;Jobzencane;Software;2011;40;PA;WAYNE; € 7,482,411;2,379,903 Euros;5102508;21 %
;71;Sailtech;Software;2012;850;CA;Santa Clara; € 4,543,509;4,474,647 Euros;68862;21 %
;84;Drilldrill;Software;2010;30;;San Francisco; € 7,800,620;2,785,799 Euros;5014821;17 %
;90;Vivadom;Software;2010;72;CA;Santa Barbara; € 5,190,812;3,656,514 Euros;1534298;17 %
;94;Technodexon;Software;2006;327;UT;Provo; € 11,554,383;3,538,667 Euros;8015716;17 %
;118;Icezunzim;Software;2012;14;VA;Richmond; € 5,150,397;4,274,358 Euros;876039;20 %
;119;Hottam;Software;2011;25;IN;Indianapolis; € 9,422,075;1,875,020 Euros;7547055;20 %
;123;Yearla;Software;2004;31;RI;Providence; € 9,838,442;5,327,158 Euros;4511284;13 %
;124;Dancane;Software;2010;42;CT;New Haven; € 7,556,024;3,513,209 Euros;4042815;20 %
;130;Lacorporation;Software;2011;73;CA;San Diego; € 5,152,561;4,897,146 Euros;255415;19 %
;134;Sub-Fan;Software;2014;24;MA;Boston; € 6,178,217;4,916,737 Euros;1261480;17 %
;139;Vilait;Software;2011;240;DE;Wilmington; € 4,691,853;3,250,700 Euros;1441153;14 %
;144;Saotaxon;Software;2000;76;IL;Chicago; € 7,440,576;5,383,015 Euros;2057561;19 %
;146;Geoelectronics;Software;2010;75;CA;San Diego; € 9,684,183;7,693,563 Euros;1990620;18 %
;147;Konktouch;Software;2012;489;KS;Overland Park; € 4,720,259;4,434,901 Euros;285358;17 %
;154;Vilamedia;Software;2011;126;VA;Blacksburg; € 7,605,926;3,454,719 Euros;4151207;24 %
;157;Hottom;Software;2011;40;MD;Baltimore; € 9,381,784;2,093,538 Euros;7288246;19 %
;158;Voltech;Software;2009;23;NJ;Hamilton; € 10,211,911;5,213,751 Euros;4998160;13 %
;160;Zathtechi;Software;2003;87;CA;San Jose; € 6,187,775;2,286,092 Euros;3901683;23 %
;163;Zer-Plus;Software;2008;27;MA;Franklin; € 5,848,690;5,240,164 Euros;608526;26 %
;165;Vilahouse;Software;2011;12;CA;San Diego; € 7,662,253;7,543,897 Euros;118356;23 %
;168;Kincon;Software;2009;130;MI;Ann Arbor; € 12,239,282;2,973,757 Euros;9265525;17 %
;171;Zimtechno;Software;2006;326;MN;Minneapolis; € 13,268,611;6,773,400 Euros;6495211;24 %
;172;Fax-Street;Software;2011;54;CA;Aliso Viejo; € 4,436,616;4,175,332 Euros;261284;15 %
;173;Scotstrip;Software;2013;77;IL;Chicago; € 9,120,892;125,635 Euros;8995257;20 %
;174;Bigfan;Software;2005;96;WI;La Crosse; € 9,386,159;3,093,397 Euros;6292762;21 %
;187;K-Tone;Software;2013;26;SC;North Charleston; € 8,593,898;4,884,584 Euros;3709314;18 %
;188;Triotexon;Software;2011;96;FL;Tampa; € 9,339,798;1,298,258 Euros;8041540;18 %
;190;Kanlux;Software;2000;77;VA;Chesapeake; € 9,868,249;4,854,787 Euros;5013462;21 %
;194;Medbase;Software;2013;17;GA;Roswell; € 8,695,169;4,473,383 Euros;4221786;20 %
;195;Xx-Bam;Software;2009;140;FL;Orlando; € 14,229,411;2,327,339 Euros;11902072;20 %
;196;Jayphase;Software;2014;62;CA;San Diego; € 5,892,054;4,938,867 Euros;953187;16 %
;197;J-Unafase;Software;2014;24;TX;Montgomery;;;;19 %
;236;Ritelepus;Software;2013;818;CA;San Luis Obispo; € 5,662,326;4,932,726 Euros;729600;19 %
;237;Coiledsheriff;Software;2009;67;MA;Boston; € 2,367,964;639,513 Euros;1728451;19 %
;243;Improvelonely;Software;2010;150;DC;Washington; € 4,977,212;462,545 Euros;4514667;19 %
;254;Aldabaranbox;Software;2010;15;IN;Anderson; € 6,354,077;5,230,774 Euros;1123303;26 %
;259;Pointchough;Software;2014;36;MD;Baltimore; € 5,059,870;4,986,520 Euros;73350;17 %
;260;Sootycrushing;Software;2011;41;VA;Reston; € 11,352,262;6,195,130 Euros;5157132;20 %
;267;Circlechop;Software;2010;14;;San Francisco; € 9,067,070;5,929,828 Euros;3137242;20 %
;271;Matcapillary;Software;2011;64;CA;Redwood City; € 9,056,895;5,293,164 Euros;3763731;17 %
;274;Cleavagesling;Software;2012;19;OH;Boardman; € 11,902,156;1,267,422 Euros;10634734;18 %
;305;Exactmunch;Software;2009;26;TX;Austin; € 3,723,332;1,956,849 Euros;1766483;16 %
;309;Unconsoling;Software;2012;457;MN;Minneapolis; € 10,561,482;1,735,277 Euros;8826205;14 %
;325;Monotrichous;Software;2011;12;NY;New York; € 6,203,337;3,660,171 Euros;2543166;22 %
;330;Badgeless;Software;2011;17;CA;Corona; € 9,297,395;4,083,752 Euros;5213643;16 %
;341;Getable;Software;2013;168;TX;Austin; € 8,043,049;5,763,238 Euros;2279811;20 %
;342;Turbidimetry;Software;2010;195;CA;Los Angeles; € 10,067,223;8,007,771 Euros;2059452;21 %
;345;Unrebuilt;Software;2007;35;OR;Lake Oswego; € 4,422,083;2,666,040 Euros;1756043;16 %
;348;Unsurmountable;Software;2014;106;CA;Irvine; € 8,215,508;4,262,906 Euros;3952602;16 %
;361;Mincemeatcontroller;Software;2010;58;TX;Houston; € 10,188,123;1,955,490 Euros;8232633;19 %
;366;Causedunsure;Software;2012;43;OH;Columbus; € 7,047,541;4,402,984 Euros;2644557;16 %
IT Services;;;;;;;;;;;
;2;Unimattax;IT Services;2009;36;PA;Newtown Square; € 14,016,543;804,035 Euros;13212508;20 %
;4;Blacklane;IT Services;2011;66;CA;Orange; € 15,359,369;4,631,808 Euros;10727561;19 %
;6;Indigoplanet;IT Services;2013;60;NJ;Manalapan; € 12,805,452;4,626,275 Euros;8179177;22 %
;9;Lamtone;IT Services;2009;55;CA;San Ramon; € 11,757,018;6,482,465 Euros;5274553;30 %
;12;Mattouch;IT Services;2013;6;WA;Bellevue; € 14,026,934;7,429,377 Euros;6597557;26 %
;17;Ganzlax;IT Services;2011;75;NJ;Iselin; € 14,001,180;;11901180;18 %
;23;Lambam;IT Services;2012;210;SC;Columbia; € 11,950,148;4,365,512 Euros;7584636;20 %
;31;Georedfase;IT Services;2008;19;VA;Vienna; € 13,165,222;810,126 Euros;12355096;16 %
;33;Stanquote;IT Services;2011;133;IL;Des Plaines; € 15,421,180;374,816 Euros;15046364;26 %
;35;Mediahex;IT Services;2005;29;TX;Houston; € 14,772,570;3,685,640 Euros;11086930;19 %
;54;Zonhigh;IT Services;2010;96;IL;Chicago; € 12,723,684;4,498,099 Euros;8225585;21 %
;56;Bluetexon;IT Services;2010;117;TX;Plano; € 12,685,910;8,350,913 Euros;4334997;18 %
;59;Hot-Electrics;IT Services;2006;46;GA;Augusta; € 17,214,068;1,412,142 Euros;15801926;16 %
;62;Goodhouse;IT Services;2009;63;VA;Herndon; € 14,833,220;5,667,425 Euros;9165795;24 %
;75;Rezumfind;IT Services;2000;50;VA;Herndon; € 14,024,010;3,101,952 Euros;10922058;23 %
;76;Xx--Fase;IT Services;2012;430;TN;Nashville; € 14,048,981;3,944,877 Euros;10104104;25 %
;77;Stiming;IT Services;2014;24;NY;Williamsville; € 9,779,076;594,698 Euros;9184378;22 %
;88;Ganjatam;IT Services;2009;70;NJ;Iselin; € 16,195,183;5,170,147 Euros;11025036;18 %
;91;Hatvollex;IT Services;2002;75;TX;FRISCO; € 12,410,581;5,898,202 Euros;6512379;21 %
;97;Kaysolodex;IT Services;2012;2670;MI;Madison Heights; € 13,310,294;5,879,731 Euros;7430563;23 %
;113;Flexlane;IT Services;2004;120;MI;Novi; € 12,733,374;4,666,917 Euros;8066457;23 %
;114;Zotcare;IT Services;2005;75;GA;Atlanta; € 15,249,518;1,261,501 Euros;13988017;21 %
;115;Roundla;IT Services;2012;1500;MD;Bethesda; € 20,252,673;628,139 Euros;19624534;20 %
;122;Islotfind;IT Services;2013;30;DC;Washington; € 11,498,255;1,639,880 Euros;9858375;24 %
;127;Zotjoit;IT Services;2012;50;MN;Bloomington; € 13,878,988;5,541,102 Euros;8337886;22 %
;141;Unoline;IT Services;2011;140;MN;Minneapolis; € 16,086,524;5,624,600 Euros;10461924;16 %
;143;Lamlax;IT Services;2010;30;PA;Horsham; € 15,016,295;3,263,194 Euros;11753101;17 %
;149;Zimholding;IT Services;2002;7;OR;Portland; € 13,905,706;405,045 Euros;13500661;21 %
;150;Scot-Lex;IT Services;2013;34;MA;Chelmsford; € 12,975,996;4,097,491 Euros;8878505;24 %
;152;Phystouch;IT Services;2011;12;NC;Waxhaw; € 14,530,025;847,470 Euros;13682555;20 %
;153;K-Job;IT Services;2013;150;VA;Reston; € 12,008,969;3,517,340 Euros;8491629;18 %
;169;Tancode;IT Services;2014;7;NY;Farmingdale; € 15,506,061;5,204,074 Euros;10301987;26 %
;170;Dripcane;IT Services;2010;56;VA;Reston; € 17,431,007;2,153,035 Euros;15277972;20 %
;175;Kayis;IT Services;2002;26;CA;Newport Beach; € 14,264,750;1,232,980 Euros;13031770;23 %
;176;Drilllane;IT Services;2011;185;VA;Ashburn; € 15,240,158;1,367,678 Euros;13872480;16 %
;178;Techhigh;IT Services;2011;28;OH;West Chester; € 14,681,671;5,999,660 Euros;8682011;23 %
;179;Saltstreet;IT Services;2012;80;CA;Newark; € 14,219,294;6,235,328 Euros;7983966;22 %
;183;Ittech;IT Services;2013;45;MN;Minneapolis; € 11,133,739;6,544,488 Euros;4589251;20 %
;189;Rehoting;IT Services;2014;30;NC;Chapel Hill; € 13,090,625;5,455,657 Euros;7634968;20 %
;192;Fixlatcare;IT Services;2014;40;TX;Dallas; € 14,349,818;634,360 Euros;13715458;23 %
;199;Icephase;IT Services;2010;29;VA;Glen Allen; € 13,098,201;6,105,205 Euros;6992996;20 %
;201;Linetax;IT Services;2013;171;IL;Westchester; € 15,091,431;2,907,698 Euros;12183733;28 %
;202;Hotlax;IT Services;2010;185;NJ;Warren; € 11,473,628;2,599,091 Euros;8874537;24 %
;203;E-Tex;IT Services;2003;85;OH;Columbus; € 16,295,163;3,974,721 Euros;12320442;21 %
;204;Hexdom;IT Services;2012;10;CA;Encino; € 10,724,413;4,126,154 Euros;6598259;21 %
;206;Frayedintrigue;IT Services;2014;211;TX;Addison; € 12,846,678;1,435,103 Euros;11411575;19 %
;207;Nakedshrapnel;IT Services;2014;15;FL;Orlando; € 16,916,828;3,879,436 Euros;13037392;20 %
;209;Judgemicrosoft;IT Services;2012;70;TX;Houston; € 16,093,094;3,724,605 Euros;12368489;18 %
;211;Pursuitsskewer;IT Services;2001;16;VA;Ashburn; € 13,731,776;887,658 Euros;12844118;23 %
;214;Forearmblade;IT Services;2010;24;MD;Annapolis; € 15,768,818;3,279,306 Euros;12489512;29 %
;216;Deliciousgeometry;IT Services;2010;30;CA;Walnut; € 16,864,251;2,661,258 Euros;14202993;18 %
;218;Abstractedchocolat;IT Services;2009;2;VA;Stafford; € 12,079,562;4,960,266 Euros;7119296;24 %
;219;Wiggakintail;IT Services;2010;55;NY;Scarsdale; € 13,713,642;3,796,676 Euros;9916966;18 %
;220;Machinewarn;IT Services;2009;128;NC;Greensboro; € 16,548,371;6,091,555 Euros;10456816;21 %
;222;Loveboyle;IT Services;2012;19;MA;Framingham; € 14,552,889;3,814,137 Euros;10738752;19 %
;230;Trogleguarantee;IT Services;2008;53;GA;Canton; € 12,882,726;3,769,434 Euros;9113292;21 %
;232;Raisinscotta;IT Services;2003;48;SC;Irmo; € 15,393,471;6,652,796 Euros;8740675;22 %
;233;Sandhillrisk;IT Services;2009;51;VA;Sterling; € 12,664,063;2,447,209 Euros;10216854;19 %
;234;Vertextractor;IT Services;2012;41;MD;Hanover;;8,516,661 Euros;2576248;26 %
;235;Parkourwoodchat;IT Services;2013;110;OH;Cincinnati; € 12,853,705;6,339,352 Euros;6514353;23 %
;238;Stylishhypothesis;IT Services;2011;73;WA;Bellevue; € 15,705,546;3,170,938 Euros;12534608;17 %
;241;Sounderfibber;IT Services;2011;372;MN;Minnetonka; € 14,727,740;6,403,759 Euros;8323981;21 %
;245;Peskyevaluate;IT Services;2010;45;VA;Richmond; € 13,011,611;4,284,410 Euros;8727201;23 %
;246;Circinuscategory;IT Services;2013;32;NJ;Cranbury; € 14,920,255;5,274,251 Euros;9646004;28 %
;249;Muttletpocket;IT Services;2012;36;UT;South Jordan; € 15,416,309;7,560,119 Euros;7856190;17 %
;255;Elderlyhair;IT Services;2013;21;FL;Jacksonville; € 13,522,265;6,555,897 Euros;6966368;20 %
;256;Colouredrecipe;IT Services;2010;34;KY;Louisville; € 13,884,717;5,663,096 Euros;8221621;22 %
;257;Easterntwisted;IT Services;2011;30;VA;Reston; € 13,032,072;4,670,258 Euros;8361814;22 %
;263;Gleanworn;IT Services;2012;9;MI;Sterling Heights; € 15,861,214;9,046,498 Euros;6814716;24 %
;264;Chadhelpful;IT Services;2011;62;MA;Boston; € 10,462,149;3,738,581 Euros;6723568;23 %
;266;Reliablepaver;IT Services;2011;91;CA;North Hollywood; € 21,810,051;3,354,029 Euros;18456022;21 %
;268;Itemswazzed;IT Services;2004;13;MN;Edina; € 13,893,688;1,417,656 Euros;12476032;22 %
;269;Sparrowchorizo;IT Services;2011;425;CO;Broomfield; € 13,163,038;3,439,228 Euros;9723810;21 %
;275;Laboredshocked;IT Services;2008;23;OR;Medford; € 17,010,460;1,876,606 Euros;15133854;20 %
;276;Appaloosasmiling;IT Services;2010;75;NC;Charlotte; € 15,744,688;4,750,543 Euros;10994145;22 %
;278;Expandcostgullible;IT Services;2012;25;VA;Chantilly; € 14,164,883;7,237,383 Euros;6927500;25 %
;280;Rageenvious;IT Services;2009;25;MD;Savage; € 12,501,734;3,330,829 Euros;9170905;25 %
;285;Neodymiumscandalous;IT Services;2011;99;NJ;Edison; € 13,022,421;4,248,247 Euros;8774174;20 %
;286;Februaryvanadium;IT Services;2010;116;MA;Rockland; € 12,775,650;5,531,004 Euros;7244646;25 %
;293;Mathassertive;IT Services;2007;102;VA;Chantilly; € 10,804,178;3,549,635 Euros;7254543;23 %
;298;Freezehouses;IT Services;2011;175;SC;Mount Pleasant; € 13,062,368;4,786,821 Euros;8275547;18 %
;301;Gianttempting;IT Services;2001;6;GA;Woodstock; € 12,713,148;6,486,427 Euros;6226721;20 %
;302;Frillyshaving;IT Services;2010;100;VA;Reston; € 13,860,540;2,442,826 Euros;11417714;22 %
;303;Clawasked;IT Services;2012;270;NJ;Iselin; € 15,883,703;5,267,075 Euros;10616628;20 %
;310;Lipped;IT Services;2009;137;VA;Chantilly; € 13,275,051;2,682,894 Euros;10592157;19 %
;313;Beetleheaded;IT Services;2010;130;TX;Irving; € 13,109,837;4,971,120 Euros;8138717;19 %
;319;Parhelion;IT Services;2012;23;VA;Sterling; € 13,157,679;7,451,573 Euros;5706106;15 %
;320;Protractile;IT Services;1999;18;CO;Arvada; € 13,398,615;3,834,886 Euros;9563729;20 %
;321;Precincts;IT Services;2012;205;IL;Schaumburg; € 12,000,187;1,394,333 Euros;10605854;22 %
;322;Hookiest;IT Services;2005;40;CA;Bakersfield; € 9,691,133;5,204,053 Euros;4487080;23 %
;324;Amphithalamus;IT Services;2009;16;FL;Boca Raton; € 14,354,655;3,922,559 Euros;10432096;22 %
;326;Overstridden;IT Services;2011;55;NJ;Trenton; € 14,121,713;1,422,672 Euros;12699041;29 %
;329;Unexotically;IT Services;2010;146;GA;Atlanta; € 13,669,802;4,919,209 Euros;8750593;25 %
;338;Swedenborgism;IT Services;2005;64;MD;Columbia; € 15,379,242;5,949,929 Euros;9429313;18 %
;339;Outspruing;IT Services;2012;80;IL;Chicago; € 16,909,917;5,468,575 Euros;11441342;21 %
;344;Williamsport;IT Services;2013;34;GA;Norcross; € 14,366,416;3,084,697 Euros;11281719;22 %
;351;Golliwogg;IT Services;2009;41;TX;Houston; € 9,944,083;3,254,899 Euros;6689184;20 %
;353;Unemancipated;IT Services;2011;240;TX;San Antonio; € 15,292,359;4,415,566 Euros;10876793;21 %
;356;Auctiongoogle;IT Services;2011;80;MD;Greenbelt; € 15,299,827;187,655 Euros;15112172;18 %
;362;Interfaceaboard;IT Services;2013;62;VA;Herndon; € 11,801,629;2,239,823 Euros;9561806;28 %
;363;Fluetruffles;IT Services;2001;81;MN;Minneapolis; € 15,848,453;5,506,036 Euros;10342417;15 %
;365;Grapegraves;IT Services;2005;21;DC;Washington; € 16,337,321;6,350,096 Euros;9987225;22 %
;369;Puncturecorona;IT Services;2012;14;FL;Fort Lauderdale; € 15,108,405;2,813,781 Euros;12294624;29 %
;370;Haulbittern;IT Services;2010;138;NY;New York; € 15,104,143;4,177,864 Euros;10926279;24 %
;371;Smartpans;IT Services;2009;231;GA;Alpharetta; € 18,569,437;6,803,826 Euros;11765611;18 %
;372;Lisppanel;IT Services;2014;17;AZ;Scottsdale; € 13,827,387;2,975,434 Euros;10851953;22 %
;376;Potiondecathlon;IT Services;2011;61;TN;Nashville; € 12,247,815;4,859,318 Euros;7388497;20 %
;380;Pickyfive;IT Services;2011;45;CO;Denver; € 14,826,723;4,458,447 Euros;10368276;26 %
;385;Stupidarboreal;IT Services;2002;36;PA;Philadelphia; € 16,435,362;5,130,874 Euros;11304488;20 %
;386;Bignumadept;IT Services;2012;55;GA;Suwanee; € 12,861,101;4,068,630 Euros;8792471;20 %
;388;Samsungclimbing;IT Services;2010;42;PA;Allentown; € 15,239,915;5,575,608 Euros;9664307;22 %
;389;Kickminstrel;IT Services;2006;125;VA;Reston; € 14,479,116;3,100,573 Euros;11378543;16 %
;395;Cajoleavoidant;IT Services;2003;17;TN;Nashville; € 15,771,339;1,185,898 Euros;14585441;20 %
;396;Cogstrip;IT Services;2012;30;MN;Minneapolis; € 14,705,673;6,667,372 Euros;8038301;25 %
;398;Ericssonsafe;IT Services;2011;9;KY;Erlanger; € 9,844,389;6,503,652 Euros;3340737;19 %
;400;Oraclemend;IT Services;2012;250;TX;Houston; € 16,043,821;8,701,267 Euros;7342554;21 %
;402;Dragonnode;IT Services;2013;144;VA;Falls Church; € 14,649,797;5,757,388 Euros;8892409;22 %
;410;Waggerhooves;IT Services;2009;39;FL;Tampa; € 13,222,254;4,879,893 Euros;8342361;23 %
;412;Fablescraper;IT Services;2009;12;MI;Kentwood; € 14,515,666;5,424,688 Euros;9090978;26 %
;415;Bonfirefailing;IT Services;2011;44;NY;Latham; € 17,399,630;3,396,476 Euros;14003154;25 %
;417;Launchbiggest;IT Services;2014;29;MO;St. Louis; € 14,169,187;3,850,631 Euros;10318556;20 %
;419;Twistedelephant;IT Services;2011;150;NY;New York; € 16,917,213;2,814,394 Euros;14102819;16 %
;421;Annoyinglyarabian;IT Services;2012;28;TX;Plano; € 14,898,505;1,665,920 Euros;13232585;17 %
;427;Currymercurial;IT Services;2010;10;FL;Tampa; € 16,221,821;3,573,280 Euros;12648541;23 %
;428;Totallyzonked;IT Services;2013;53;CA;Santa Clara; € 12,506,219;6,688,379 Euros;5817840;20 %
;430;Slicerseptum;IT Services;2014;169;IL;Chicago; € 14,775,286;4,510,084 Euros;10265202;26 %
;431;Librationmelba;IT Services;2010;20;WI;Madison; € 14,053,058;5,883,008 Euros;8170050;20 %
;435;Lucrepickled;IT Services;2004;45;VA;Glen Allen; € 12,894,933;3,512,395 Euros;9382538;17 %
;436;Marchedsausage;IT Services;2010;50;CO;Denver; € 14,620,121;3,370,435 Euros;11249686;19 %
;437;Glandminer;IT Services;2011;55;CA;Santa Clara; € 13,065,626;2,501,327 Euros;10564299;
;439;Enterwaist;IT Services;2010;126;WA;Bellevue; € 11,858,282;5,159,202 Euros;6699080;19 %
;447;Surroundoutrageous;IT Services;2012;150;PA;North Wales; € 16,580,398;2,324,622 Euros;14255776;23 %
;449;Riddledinfant;IT Services;2010;50;NJ;South Plainfield; € 13,368,302;4,054,153 Euros;9314149;22 %
;451;Appliesoverrated;IT Services;2013;15;FL;Boca Raton; € 17,506,421;3,726,979 Euros;13779442;20 %
;454;Glazetwang;IT Services;2014;50;TX;Haltom City; € 14,864,586;1,188,169 Euros;13676417;17 %
;456;Infectedduck;IT Services;2000;278;IL;Springfield; € 15,417,062;4,118,312 Euros;11298750;20 %
;465;Dashedcompounds;IT Services;2014;59;CA;San Ramon; € 12,791,846;7,879,018 Euros;4912828;23 %
;467;Thalliumwould;IT Services;2014;278;NY;Clifton Park; € 10,708,327;8,866,642 Euros;1841685;21 %
;469;Hoeforeach;IT Services;2010;25;WI;Wauwatosa; € 13,000,248;1,629,029 Euros;11371219;23 %
;473;Rosychoke;IT Services;2011;348;IN;Indianapolis; € 14,153,970;3,408,135 Euros;10745835;26 %
;474;Valuesbilled;IT Services;2013;95;NY;New York; € 13,214,550;7,479,813 Euros;5734737;20 %
;482;Fatsohealth;IT Services;2009;21;SC;Florence; € 12,239,406;5,665,024 Euros;6574382;21 %
;493;Assurehelp;IT Services;2014;10;MN;Minneapolis; € 15,019,551;4,004,040 Euros;11015511;18 %
;496;Buretteadmirable;IT Services;2009;93;ME;Portland; € 15,407,450;2,833,136 Euros;12574314;25 %
;499;Belaguerra;IT Services;2010;140;MI;Troy; € 17,387,130;1,387,784 Euros;15999346;23 %
;500;Allpossible;IT Services;2011;24;CA;Los Angeles; € 11,949,706;689,161 Euros;11260545;24 %
Retail;;;;;;;;;;;
;3;Greenfax;Retail;2012;;SC;Greenville; € 9,746,272;1,044,375 Euros;8701897;16 %
;19;E-Zim;Retail;2008;320;OH;Monroe; € 10,746,451;4,762,319 Euros;5984132;13 %
;38;Zun-Trax;Retail;2013;23;SC;Columbia; € 9,732,190;4,437,655 Euros;5294535;12 %
;50;Alphacane;Retail;2013;3;MO;O'Fallon; € 7,903,763;5,873,666 Euros;2030097;14 %
;68;Dongcom;Retail;2002;8;NY;Cheektowaga; € 14,477,085;2,772,159 Euros;11704926;10 %
;72;Vilacan;Retail;1999;28;UT;Orem; € 12,916,975;5,973,654 Euros;6943321;12 %
;89;Sumice;Retail;2013;318;UT;Sandy; € 8,697,300;5,654,472 Euros;3042828;19 %
;93;Fixcan;Retail;2009;3;GA;Atlanta; € 14,184,061;4,600,156 Euros;9583905;15 %
;102;Med-City;Retail;2009;16;IL;Cicero; € 12,488,577;5,637,042 Euros;6851535;13 %
;105;Ganzhex;Retail;2011;18;NY;Hopewell Junction; € 7,307,243;2,439,137 Euros;4868106;11 %
;120;Lattechi;Retail;2012;30;IL;Hickory Hills; € 12,285,548;1,453,319 Euros;10832229;11 %
;128;Lanelex;Retail;2011;11;KS;Wichita; € 11,106,110;3,351,685 Euros;7754425;10 %
;136;Xx-Com;Retail;2013;308;TX;Lubbock; € 15,533,083;2,163,836 Euros;13369247;12 %
;137;Toughcare;Retail;2009;45;CA;Burbank; € 12,429,629;5,796,075 Euros;6633554;14 %
;184;Volzoom;Retail;2006;27;ME;Kittery; € 12,218,547;5,081,916 Euros;7136631;10 %
;186;Indigoit;Retail;2011;15;MI;Jackson; € 13,942,061;5,349,385 Euros;8592676;14 %
;200;Lalane;Retail;2003;45;MN;Golden Valley; € 12,461,526;4,934,351 Euros;7527175;14 %
;224;Siftercockamamie;Retail;2014;19;AZ;Scottsdale; € 14,691,389;2,498,398 Euros;12192991;11 %
;227;Handlersthroated;Retail;2011;167;MA;Boston; € 13,592,541;3,987,941 Euros;9604600;12 %
;239;Glaciertolerant;Retail;2013;1;GA;Atlanta; € 10,174,843;4,696,022 Euros;5478821;8 %
;250;Pluggedword;Retail;2009;9;FL;Pembroke Pines; € 12,380,676;3,107,320 Euros;9273356;12 %
;273;Wealthabounding;Retail;2012;28;SC;Hilton Head Island; € 7,463,765;2,191,140 Euros;5272625;12 %
;277;Clasticmach;Retail;2014;28;CT;Norwalk; € 12,501,869;968,518 Euros;11533351;12 %
;282;Scoreboardchaos;Retail;2013;43;TX;Austin; € 10,595,812;7,065,343 Euros;3530469;11 %
;290;Dingalingflee;Retail;2011;44;IL;Tinley Park; € 12,896,887;6,187,326 Euros;6709561;17 %
;294;Wightmuon;Retail;2013;13;TX;San Antonio; € 8,773,124;7,957,743 Euros;815381;12 %
;297;Posseratty;Retail;2014;13;TN;Memphis; € 11,361,118;1,450,080 Euros;9911038;11 %
;304;Crystringed;Retail;2014;90;MN;Burnsville; € 12,245,078;3,649,280 Euros;8595798;16 %
;315;Falbala;Retail;2012;73;CT;Norwalk; € 15,880,376;6,266,037 Euros;9614339;13 %
;316;Pomiculturist;Retail;2010;5;CO;Littleton; € 8,040,353;7,221,104 Euros;819249;12 %
;318;Turboprop;Retail;2010;42;MI;Rochester Hills; € 12,665,972;3,533,350 Euros;9132622;9 %
;331;Aspic;Retail;2001;130;NY;New York; € 10,498,414;4,645,617 Euros;5852797;17 %
;357;Fowlappraiser;Retail;2009;30;AZ;Chandler; € 10,186,376;4,638,213 Euros;5548163;13 %
;374;Bookingchildish;Retail;2009;10;NY;Whitestone; € 9,840,239;3,348,650 Euros;6491589;17 %
;379;Stovepuck;Retail;2013;73;;New York; € 13,814,975;5,904,502 Euros;7910473;10 %
;382;Scalptowhee;Retail;2011;100;MI;Commerce Township; € 7,503,230;1,830,110 Euros;5673120;12 %
;399;Ahemparticular;Retail;2010;22;MN;Roseville; € 14,367,661;4,908,512 Euros;9459149;13 %
;406;Soulfulantigravity;Retail;2012;60;CA;Ontario; € 12,954,009;4,886,200 Euros;8067809;12 %
;407;Toolsavagery;Retail;2007;10;FL;Tampa; € 10,942,107;4,491,305 Euros;6450802;16 %
;423;Hostileglove;Retail;2012;19;GA;Kennesaw; € 10,736,305;4,299,102 Euros;6437203;9 %
;425;Handgunheard;Retail;2011;67;ND;Jamestown; € 9,223,463;3,608,917 Euros;5614546;9 %
;432;Placehospitable;Retail;2012;23;ID;Coeur d Alene; € 14,576,493;1,925,321 Euros;12651172;19 %
;433;Arabianagena;Retail;2013;195;MN;Minneapolis; € 13,941,632;4,887,652 Euros;9053980;10 %
;434;Admitruppell;Retail;2010;47;UT;Lehi; € 11,375,526;1,511,586 Euros;9863940;12 %
;458;Moleculecircle;Retail;2013;16;FL;Tampa; € 13,094,661;1,026,548 Euros;12068113;11 %
;490;Suckedregister;Retail;2010;100;TX;Houston; € 11,511,235;3,995,152 Euros;7516083;10 %
;492;Pickledcanoeing;Retail;2012;16;OH;Medina; € 11,654,196;6,460,234 Euros;5193962;10 %
;498;Overviewparrot;Retail;2011;7125;TX;Fort Worth; € 11,134,728;5,152,110 Euros;5982618;12 %
Financial Services;;;;;;;;;;;
;7;Treslam;Financial Services;2009;116;MO;Clayton; € 5,387,469;2,127,984 Euros;3259485;17 %
;10;Stripfind;Financial Services;2010;25;FL;Boca Raton; € 12,329,371;916,455 Euros;11412916;20 %
;36;Triojob;Financial Services;2011;33;TX;Dallas; € 9,403,633;223,602 Euros;9180031;18 %
;37;D-Zoocare;Financial Services;2010;98;WA;Seattle; € 9,153,440;2,445,885 Euros;6707555;13 %
;40;Newjofix;Financial Services;2010;90;CA;West Hollywood; € 12,339,863;1,415,312 Euros;10924551;19 %
;55;Toughway;Financial Services;2010;219;FL;St. Petersburg; € 13,442,136;3,291,056 Euros;10151080;19 %
;57;Nimvivafind;Financial Services;2009;34;NJ;Newark; € 11,605,855;2,632,247 Euros;8973608;19 %
;58;Eremenko;Financial Services;2012;60;FL;Maitland; € 11,445,633;3,162,905 Euros;8282728;15 %
;78;E-Can;Financial Services;2013;1628;NJ;Mount Laurel; € 8,218,086;2,958,881 Euros;5259205;16 %
;79;Tonjob;Financial Services;2010;87;CA;Santa Barbara; € 8,475,261;2,364,775 Euros;6110486;16 %
;80;Flextone;Financial Services;2010;250;FL;Boca Raton; € 10,335,149;2,494,384 Euros;7840765;19 %
;98;Kinlax;Financial Services;2002;100;AZ;Tucson; € 11,380,872;6,212,849 Euros;5168023;18 %
;104;Vaiatrax;Financial Services;2010;24;PA;Philadelphia; € 12,650,059;444,962 Euros;12205097;21 %
;108;Linetouch;Financial Services;2012;937;PA;Plymouth Meeting; € 12,514,846;777,731 Euros;11737115;13 %
;125;Citytrax;Financial Services;2010;21;UT;Sandy; € 10,891,038;989,656 Euros;9901382;16 %
;132;Nimlux;Financial Services;2013;285;NY;New York; € 7,753,213;1,117,206 Euros;6636007;18 %
;148;Trans-Dexon;Financial Services;2003;77;MA;Boston; € 11,447,285;1,498,325 Euros;9948960;16 %
;182;Zenzootrax;Financial Services;2010;289;IL;Chicago; € 9,837,545;2,466,042 Euros;7371503;17 %
;185;Saofintone;Financial Services;2009;78;CA;San Diego; € 11,559,177;841,579 Euros;10717598;17 %
;212;Geigerbeneficial;Financial Services;2013;33;TX;Dallas; € 12,470,309;1,499,830 Euros;10970479;17 %
;215;Nervousdispatcher;Financial Services;2011;80;NY;New York; € 6,955,439;409,237 Euros;6546202;16 %
;231;Chloridesfixation;Financial Services;2009;14;OH;Independence; € 12,924,846;2,016,500 Euros;10908346;16 %
;284;Pausehydrocarbon;Financial Services;2012;239;FL;Maitland; € 8,759,409;765,624 Euros;7993785;19 %
;288;Assuredcarbon;Financial Services;2010;23;FL;Summerfield; € 11,401,138;4,368,407 Euros;7032731;13 %
;292;Kestrelpumpion;Financial Services;2011;1387;CA;Santa Ana; € 9,023,857;4,453,820 Euros;4570037;13 %
;300;Weepingwhisky;Financial Services;2012;28;MO;St. Louis; € 11,779,555;2,950,689 Euros;8828866;16 %
;308;Semipermeability;Financial Services;2009;126;TN;Nashville; € 10,928,801;552,468 Euros;10376333;17 %
;328;Implorer;Financial Services;2009;70;IL;Lombard; € 11,321,475;5,633,955 Euros;5687520;17 %
;332;Westminster;Financial Services;2010;;MI;Troy; € 11,861,652;5,245,126 Euros;6616526;15 %
;334;Tocantins;Financial Services;2009;290;VA;Tysons Corner; € 14,330,107;2,296,074 Euros;12034033;15 %
;335;Exilarch;Financial Services;2011;47;FL;Naples;NA;2,161,452 Euros;6796452;19 %
;340;Unforegone;Financial Services;2009;37;TX;Austin; € 11,732,370;3,236,511 Euros;8495859;17 %
;354;Tantalous;Financial Services;2011;50;NY;Woodstock; € 9,950,947;441,750 Euros;9509197;13 %
;364;Scarletcheeses;Financial Services;2010;25;UT;Lehi; € 9,376,103;2,446,639 Euros;6929464;15 %
;367;Launchingillusion;Financial Services;2011;48;TX;Houston; € 9,205,547;2,861,975 Euros;6343572;18 %
;375;Supportersfaint;Financial Services;2011;3;NY;Brooklyn; € 12,146,902;1,207,273 Euros;10939629;14 %
;377;Perfumegrown;Financial Services;2011;33;NV;Las Vegas; € 9,016,449;640,031 Euros;8376418;14 %
;387;Shapelessunits;Financial Services;2013;663;TN;Memphis; € 9,686,484;3,238,627 Euros;6447857;22 %
;390;Cherriesplump;Financial Services;2011;605;TN;Nashville; € 11,503,959;1,757,807 Euros;9746152;17 %
;393;Cribcaused;Financial Services;2004;201;GA;Marietta; € 9,020,223;3,683,236 Euros;5336987;15 %
;401;Loosepause;Financial Services;2006;85;FL;Sunrise; € 12,008,935;3,285,445 Euros;8723490;19 %
;413;Lardassare;Financial Services;2012;88;IL;Bridgeview; € 10,758,326;270,620 Euros;10487706;15 %
;416;Openstrustee;Financial Services;2011;25;TX;Carrollton; € 13,666,249;5,344,982 Euros;8321267;17 %
;426;Trapexperts;Financial Services;2011;330;PA;Allentown; € 8,788,469;1,214,119 Euros;7574350;10 %
;443;Measuresflipping;Financial Services;2009;430;TX;Fort Worth; € 11,730,457;5,832,473 Euros;5897984;19 %
;457;Allowuntidy;Financial Services;2014;640;FL;Weston; € 6,528,393;509,161 Euros;6019232;13 %
;459;Portlyroomy;Financial Services;2010;40;MO;St. Louis; € 9,707,035;2,887,547 Euros;6819488;16 %
;461;Novelfollicle;Financial Services;2009;403;OK;Tulsa; € 11,028,550;2,379,097 Euros;8649453;13 %
;462;Yawningcricket;Financial Services;2012;21;NC;Davidson; € 14,247,618;3,133,190 Euros;11114428;20 %
;468;Regexsay;Financial Services;2004;58;CA;San Diego; € 9,642,133;2,995,467 Euros;6646666;15 %
;472;Langedprivacy;Financial Services;2001;425;TX;Austin; € 13,398,400;2,562,048 Euros;10836352;14 %
;477;Soddenfurther;Financial Services;2010;20;CA;San Diego; € 9,243,036;2,517,857 Euros;6725179;19 %
;486;Serpentineappeals;Financial Services;2013;48;NV;henderson; € 11,673,934;1,460,147 Euros;10213787;23 %
;495;Rawfishcomplete;Financial Services;2012;124;CA;Los Angeles; € 10,624,949;2,951,178 Euros;7673771;22 %
Construction;;;;;;;;;;;
;8;Rednimdox;Construction;2013;73;NY;Woodside;;;;
;25;Tampware;Construction;2011;13;TX;Houston; € 9,785,982;2,910,756 Euros;6875226;11 %
;29;Groovecane;Construction;2011;17;UT;South Jordan; € 6,811,168;3,560,343 Euros;3250825;15 %
;39;Biotain;Construction;2012;62;IA;Davenport; € 11,642,543;4,781,280 Euros;6861263;13 %
;44;Ganzgreen;Construction;2010;224;TN;Franklin;;;;9 %
;45;Zamhouse;Construction;2009;39;ME;Lisbon Falls; € 7,543,695;6,561,021 Euros;982674;12 %
;46;Openjocon;Construction;2013;75;IL;Midlothian; € 11,374,343;4,273,207 Euros;7101136;13 %
;49;Villadox;Construction;2012;20;CA;Carlsbad; € 8,651,649;1,097,353 Euros;7554296;11 %
;63;Sumzoomit;Construction;2010;32;MO;Lee's Summit; € 18,429,577;7,703,652 Euros;10725925;19 %
;67;Vivacode;Construction;2009;28;LA;Lake Charles; € 9,410,642;4,117,102 Euros;5293540;5 %
;74;Conin;Construction;2009;23;CA;Rancho Dominguez; € 9,903,489;6,042,545 Euros;3860944;8 %
;85;Tristone;Construction;2013;43;MD;Millersville; € 11,755,980;3,476,281 Euros;8279699;8 %
;87;Tontam;Construction;2007;26;VA;Ashburn; € 7,635,932;7,119,416 Euros;516516;8 %
;100;Labam;Construction;2010;150;FL;Winter Garden; € 8,124,116;5,173,904 Euros;2950212;12 %
;101;Black-Tax;Construction;2012;22;MD;Columbia; € 5,166,324;3,772,942 Euros;1393382;6 %
;107;Basetrax;Construction;2011;28;NY;Buffalo; € 9,391,015;1,040,662 Euros;8350353;10 %
;111;Vivaity;Construction;2009;23;WA;Lakewood; € 7,529,148;3,147,929 Euros;4381219;15 %
;133;Gogofan;Construction;2011;75;FL;Winter Garden; € 7,826,433;5,608,635 Euros;2217798;9 %
;145;Sanzatrax;Construction;2012;49;CA;San Diego; € 6,219,995;4,489,463 Euros;1730532;16 %
;159;Lamdombase;Construction;2012;7;TX;Houston; € 11,428,457;5,595,183 Euros;5833274;12 %
;166;Lamcare;Construction;1999;108;NY;Staten Island; € 7,547,716;5,232,913 Euros;2314803;14 %
;167;Keytouch;Construction;2013;35;CA;Vista; € 8,597,264;5,649,633 Euros;2947631;9 %
;191;Silit;Construction;2007;26;VA;Chesapeake; € 10,692,411;7,777,972 Euros;2914439;8 %
;198;Singlefind;Construction;2014;25;OK;Oklahoma City; € 11,725,679;4,944,684 Euros;6780995;5 %
;208;Countslovenly;Construction;2010;45;FL;Spring Hill; € 8,380,367;8,213,905 Euros;166462;10 %
;252;Estermourn;Construction;2010;20;ID;Worley; € 7,740,138;5,303,734 Euros;2436404;12 %
;253;Splashnuts;Construction;2012;272;FL;Apopka; € 11,004,547;3,182,829 Euros;7821718;8 %
;272;Presslute;Construction;2011;37;CA;El Cajon; € 10,618,249;4,669,810 Euros;5948439;15 %
;279;Hypergalaxypegasus;Construction;2009;103;UT;Centerville; € 9,127,759;2,005,195 Euros;7122564;11 %
;295;Optimismexterior;Construction;2009;28;IL;Bellwood; € 8,427,020;4,316,632 Euros;4110388;9 %
;296;Shovelerablaze;Construction;1999;150;IL;Downers Grove; € 6,014,864;3,570,801 Euros;2444063;7 %
;299;Damedash;Construction;2012;48;CA;San Diego; € 5,215,835;3,877,333 Euros;1338502;11 %
;306;Fatcoffle;Construction;2011;28;OR;Portland; € 9,274,105;4,829,430 Euros;4444675;12 %
;307;Decoratorsdecipher;Construction;2011;5;VA;Ashburn; € 8,982,358;3,820,511 Euros;5161847;8 %
;317;Nomarchy;Construction;2010;24;NC;Charlotte; € 14,102,177;1,485,995 Euros;12616182;9 %
;327;Cyaneous;Construction;2012;58;IL;Oakbrook Terrace; € 7,914,722;7,818,649 Euros;96073;5 %
;336;Refertilization;Construction;2013;13;TX;San Antonio; € 10,064,297;4,498,839 Euros;5565458;7 %
;360;Remembergabbro;Construction;2012;45;UT;Lindon; € 10,878,578;4,515,112 Euros;6363466;12 %
;404;Profilecliche;Construction;2000;125;NY;Melville; € 9,398,668;3,333,103 Euros;6065565;9 %
;411;Miaowgrinder;Construction;2000;176;NY;Niagara Falls; € 7,697,469;5,036,679 Euros;2660790;5 %
;438;Tausnash;Construction;2009;95;FL;Sarasota; € 6,554,612;4,727,267 Euros;1827345;9 %
;441;Grippingstirring;Construction;2012;120;TX;Mansfield; € 4,419,277;2,890,906 Euros;1528371;11 %
;448;Testingear;Construction;2012;10;TN;Nashville; € 10,651,148;4,539,151 Euros;6111997;8 %
;453;Flaskssunny;Construction;2012;175;IL;Rolling Meadows; € 8,589,862;214,470 Euros;8375392;7 %
;460;Rustyentertain;Construction;2012;23;TX;Carrollton; € 9,646,815;1,680,823 Euros;7965992;12 %
;463;Friendlego;Construction;2012;38;NJ;Westfield; € 9,176,783;4,279,255 Euros;4897528;8 %
;483;Abusivebong;Construction;2009;8;WI;Oshkosh; € 8,543,321;3,841,435 Euros;4701886;7 %
;487;Genusequ;Construction;2007;45;NC;Greensboro; € 8,498,464;5,741,773 Euros;2756691;11 %
;491;Comparejson;Construction;2013;125;IL;Glendale Heights; € 12,359,532;6,527,308 Euros;5832224;11 %
;497;Inventtremendous;Construction;2009;24;MN;Woodbury; € 9,144,857;4,755,995 Euros;4388862;11 %
Health;;;;;;;;;;;
;11;Canecorporation;Health;2012;6;;New York; € 10,597,009;7,591,189 Euros;3005820;7 %
;13;Techdrill;Health;2009;9;MS;Flowood; € 10,573,990;7,435,363 Euros;3138627;8 %
;16;Kayelectronics;Health;2009;687;NC;Clayton; € 9,451,943;3,878,113 Euros;5573830;4 %
;22;Lathotline;Health;;103;VA;McLean; € 9,418,303;7,567,233 Euros;1851070;2 %
;26;Dalthow;Health;2000;20;GA;Dacula; € 10,800,718;7,731,820 Euros;3068898;7 %
;34;Lexiholding;Health;2011;10;CA;Newport Beach; € 6,595,798;4,917,351 Euros;1678447;7 %
;41;Ozer-Dox;Health;2013;35;GA;Duluth; € 9,621,471;6,759,243 Euros;2862228;9 %
;42;Iscom;Health;2013;595;CT;West Hartford; € 8,027,658;7,221,158 Euros;806500;8 %
;47;Trisity;Health;2012;26;CA;San Diego; € 6,918,290;6,344,372 Euros;573918;0 %
;48;Planetice;Health;2012;42;MD;Silver Spring; € 10,757,724;6,782,077 Euros;3975647;4 %
;53;Fixquadtech;Health;2012;85;PA;Philadelphia; € 8,299,901;6,968,474 Euros;1331427;8 %
;65;Ranquote;Health;2013;400;GA;Alpharetta; € 7,147,363;4,206,340 Euros;2941023;6 %
;73;Stattechno;Health;2014;80;WA;Seattle; € 6,619,705;4,082,936 Euros;2536769;10 %
;82;Voyadexon;Health;2010;545;TX;Dallas; € 8,913,061;8,763,554 Euros;149507;8 %
;83;Xn-Media;Health;2012;104;NJ;Lyndhurst; € 7,863,279;5,975,968 Euros;1887311;5 %
;99;Inchkix;Health;2011;29;MA;Northampton; € 8,724,297;7,427,040 Euros;1297257;7 %
;103;Sunviaway;Health;2014;486;NC;Morrisville; € 1,614,585;1,323,005 Euros;291580;6 %
;106;Dongstreet;Health;2006;236;IN;Princeton; € 7,042,297;6,903,334 Euros;138963;4 %
;109;Zenware;Health;2012;37;CO;Centennial; € 9,590,886;3,692,982 Euros;5897904;4 %
;110;Tamqvocone;Health;2013;979;TX;PEARLAND; € 9,045,108;7,727,397 Euros;1317711;5 %
;112;O-Touch;Health;2005;393;TX;Frisco; € 9,521,727;5,669,858 Euros;3851869;4 %
;121;It-Ity;Health;2010;31;CA;Fresno; € 8,407,359;3,802,970 Euros;4604389;8 %
;129;Hayfan;Health;2012;97;CA;San Diego; € 9,678,127;6,001,114 Euros;3677013;4 %
;135;Mediagreen;Health;2013;80;TX;Dallas; € 7,480,998;2,758,416 Euros;4722582;8 %
;140;Konkin;Health;2000;32;TX;Austin; € 8,397,677;2,753,444 Euros;5644233;4 %
;142;Truesaokix;Health;2010;160;CA;San Clemente; € 12,507,074;5,705,847 Euros;6801227;7 %
;151;Lexitrans;Health;2012;335;WA;Seattle; € 9,152,251;8,653,818 Euros;498433;6 %
;155;Bignamjob;Health;2013;131;IL;Elk Grove Village; € 8,326,486;7,705,075 Euros;621411;7 %
;161;Sunsaolax;Health;2013;15;WA;Redmond; € 7,151,103;5,835,473 Euros;1315630;7 %
;164;Hexzoomity;Health;2013;11;TX;Austin; € 10,319,636;5,863,890 Euros;4455746;12 %
;177;Randrill;Health;2010;84;GA;Smyrna; € 8,239,229;7,802,235 Euros;436994;6 %
;205;Acclaimedcirl;Health;2014;102;CA;Pasadena; € 4,484,095;4,177,191 Euros;306904;11 %
;210;Reinforceputtock;Health;2002;88;NJ;Moorestown; € 5,890,468;4,263,512 Euros;1626956;6 %
;217;Dowdyweanling;Health;2014;32;TX;Plano; € 10,893,126;4,374,602 Euros;6518524;8 %
;225;Chirpskipping;Health;2013;1107;NE;Omaha; € 10,643,314;5,666,733 Euros;4976581;10 %
;228;Boundextrasmall;Health;2010;110;PA;Willow Grove; € 8,838,341;6,521,158 Euros;2317183;4 %
;229;Efferentfinished;Health;2014;30;MD;Rockville; € 5,449,870;2,140,030 Euros;3309840;8 %
;240;Squeezebasement;Health;2010;1442;TX;Fort Worth; € 6,681,594;3,852,682 Euros;2828912;7 %
;258;Bindauthorized;Health;2011;31;FL;Tampa; € 9,444,652;3,211,123 Euros;6233529;6 %
;261;Cometscasting;Health;2014;134;UT;Salt Lake City; € 5,041,969;3,293,814 Euros;1748155;12 %
;262;Proteincosines;Health;2011;19;NJ;Rutherford; € 8,304,318;6,770,283 Euros;1534035;9 %
;270;Pumpkinmothers;Health;2011;101;GA;Atlanta; € 9,837,182;6,500,700 Euros;3336482;8 %
;281;Rinkmusic;Health;2013;37;NY;Westbury; € 11,533,498;9,331,421 Euros;2202077;5 %
;283;Picklescrudivore;Health;2010;539;CO;Denver; € 9,295,571;2,563,500 Euros;6732071;6 %
;287;Avogadroethanoate;Health;2010;143;RI;Coventry; € 10,926,954;6,191,046 Euros;4735908;10 %
;289;Annoyhog;Health;2009;90;FL;Medley; € 12,729,198;7,494,847 Euros;5234351;9 %
;291;Equalityshape;Health;2006;27;CO;Denver; € 6,324,593;4,220,455 Euros;2104138;6 %
;311;Sweater;Health;2014;403;OH;Westlake; € 9,127,416;5,014,081 Euros;4113335;5 %
;312;Interpaving;Health;2009;837;TX;Lewisville; € 11,765,508;5,344,672 Euros;6420836;4 %
;314;Fraternal;Health;2012;65;NE;Omaha; € 8,811,825;6,665,587 Euros;2146238;8 %
;323;Anarchical;Health;2014;67;GA;Roswell; € 8,818,759;6,385,105 Euros;2433654;7 %
;333;Suicided;Health;2014;29;NC;Hendersonville; € 7,145,863;6,519,467 Euros;626396;3 %
;337;Asynchronous;Health;2013;22;NY;New York; € 8,720,504;2,632,756 Euros;6087748;1 %
;343;Federalistic;Health;2007;225;CA;San Bernardino; € 8,108,370;6,471,604 Euros;1636766;6 %
;346;Outbraving;Health;2011;135;TX;Austin; € 9,116,942;5,747,352 Euros;3369590;7 %
;349;Knock;Health;2009;25;CA;Hawthorne; € 8,157,191;6,602,535 Euros;1554656;5 %
;350;Superepoch;Health;2011;85;CO;Denver; € 10,253,911;9,592,417 Euros;661494;6 %
;352;Indicated;Health;2011;222;MD;Bethesda; € 9,214,598;7,744,504 Euros;1470094;10 %
;355;Comatulid;Health;2012;78;AZ;Tucson; € 9,144,082;3,110,199 Euros;6033883;3 %
;358;Fixnummodus;Health;2009;100;CA;Carlsbad; € 9,015,238;5,042,568 Euros;3972670;9 %
;373;Dillimported;Health;2002;30;TX;Humble; € 9,724,730;9,712,296 Euros;12434;3 %
;378;Prunewatchful;Health;2011;329;SC;Mauldin; € 8,369,263;3,880,428 Euros;4488835;5 %
;381;Rattlemurrelet;Health;2013;12;GA;Woodstock; € 7,496,334;6,186,394 Euros;1309940;8 %
;383;Flexthirsty;Health;2011;9;CA;Huntington Beach; € 6,981,026;5,767,852 Euros;1213174;3 %
;391;Solsticeaudio;Health;2011;360;AZ;Phoenix; € 10,544,309;6,248,732 Euros;4295577;5 %
;392;Ascendermogul;Health;2014;50;IA;West Des Moines; € 11,490,135;6,083,093 Euros;5407042;7 %
;397;Announcesbuck;Health;2013;370;FL;Deerfield Beach; € 6,146,640;4,390,260 Euros;1756380;7 %
;403;Australisbetter;Health;2010;1600;CA;El Segundo; € 11,078,804;5,006,435 Euros;6072369;12 %
;405;Indonesianheliopause;Health;2013;120;GA;atlanta; € 8,703,595;8,649,914 Euros;53681;12 %
;408;Magmarejoice;Health;2012;60;ME;Portland; € 5,894,152;3,401,348 Euros;2492804;4 %
;418;Blueshiftcrispy;Health;2009;230;TX;Dallas; € 9,642,189;8,823,455 Euros;818734;6 %
;420;Whinchatdates;Health;2012;39;PA;Shillington; € 7,475,092;3,097,499 Euros;4377593;14 %
;424;Ikeamongolian;Health;2012;133;OH;Cleveland; € 7,165,221;6,505,105 Euros;660116;6 %
;444;Ridglingshod;Health;2011;23;CA;San Diego; € 8,293,498;8,165,133 Euros;128365;9 %
;445;Linkedallianz;Health;2011;332;OH;Columbus; € 6,300,572;5,606,412 Euros;694160;5 %
;446;Sculptorjelly;Health;2006;20;NC;Durham; € 10,875,181;5,868,631 Euros;5006550;6 %
;450;Detritaldartford;Health;2012;50;MA;Cambridge; € 8,873,078;8,319,833 Euros;553245;7 %
;464;Lambdafortunate;Health;2010;59;NC;Durham; € 8,475,310;7,259,295 Euros;1216015;8 %
;466;Hayloftmizuna;Health;2013;117;CT;Brookfield; € 15,312,302;6,137,907 Euros;9174395;6 %
;471;Reveredtogether;Health;2012;106;WA;Seattle; € 10,614,892;6,960,210 Euros;3654682;4 %
;476;Barmpotfishified;Health;2013;168;IA;Coralville; € 10,213,365;7,045,210 Euros;3168155;8 %
;478;Drudgelepe;Health;2009;22;ID;Moscow; € 8,786,459;6,375,919 Euros;2410540;3 %
;479;Heinzvolary;Health;2014;29;CA;Carlsbad; € 8,725,745;3,477,540 Euros;5248205;11 %
;480;Excellencerecent;Health;2010;381;TX;Farmers Branch; € 10,611,567;7,617,420 Euros;2994147;5 %
;484;Baileycrowd;Health;2014;800;OH;Twinsburg; € 9,366,573;3,619,483 Euros;5747090;6 %
;485;Foxwml;Health;2011;48;PA;Plymouth Meeting; € 10,072,452;8,335,458 Euros;1736994;6 %
Government Services;;;;;;;;;;;
;18;Trantraxlax;Government Services;2011;35;VA;Suffolk; € 11,088,336;5,635,276 Euros;5453060;7 %
;21;Hotlane;Government Services;2012;87;AL;Huntsville; € 7,978,332;5,686,574 Euros;2291758;2 %
;27;Ranktech;Government Services;2010;607;FL;Tampa; € 10,515,557;7,439,384 Euros;3076173;8 %
;51;Rankcone;Government Services;2011;36;VA;Virginia Beach; € 6,036,944;4,837,188 Euros;1199756;6 %
;52;Iceice;Government Services;2010;21;WV;Star City; € 6,352,466;1,455,581 Euros;4896885;6 %
;64;Goodtex;Government Services;2011;150;VA;Tysons Corner; € 13,118,996;9,860,686 Euros;3258310;-3 %
;81;Lineity;Government Services;2006;113;MA;Billerica; € 8,621,837;2,359,224 Euros;6262613;4 %
;86;Treeelectrics;Government Services;2013;485;VA;Clarksville; € 12,208,678;5,536,775 Euros;6671903;-2 %
;92;Rankfind;Government Services;2013;101;VA;Fairfax; € 11,210,769;2,837,223 Euros;8373546;7 %
;95;Tamtex;Government Services;2009;98;VA;Fredericksburg; € 11,205,036;3,840,144 Euros;7364892;10 %
;96;Itquadlab;Government Services;2012;120;VA;Arlington; € 8,198,522;7,950,351 Euros;248171;2 %
;116;Requote;Government Services;2014;61;MD;Bethesda; € 5,994,715;5,947,864 Euros;46851;10 %
;117;Freshholdings;Government Services;2010;65;FL;Orlando; € 10,492,864;1,392,917 Euros;9099947;9 %
;126;Sail-Lam;Government Services;2013;120;MD;Rockville; € 8,540,290;6,523,001 Euros;2017289;5 %
;131;Ganjafan;Government Services;2010;215;NE;Omaha; € 8,732,985;6,294,265 Euros;2438720;4 %
;138;Mathstrip;Government Services;2011;48;VA;Reston; € 10,236,594;5,788,684 Euros;4447910;5 %
;156;Kayplus;Government Services;2010;154;FL;Clearwater; € 10,855,879;5,611,400 Euros;5244479;2 %
;162;Zamfax;Government Services;2012;130;FL;Fort Walton Beach; € 9,886,455;1,320,669 Euros;8565786;3 %
;180;Greenfan;Government Services;2013;35;TX;San Antonio; € 10,228,294;6,751,232 Euros;3477062;9 %
;181;Joblab;Government Services;2012;250;VA;Herndon; € 10,216,792;3,436,060 Euros;6780732;10 %
;193;Zummalux;Government Services;2011;13;MD;Woodbine; € 10,729,022;4,113,479 Euros;6615543;5 %
;213;Relishtreasure;Government Services;2010;25;VA;Sterling; € 9,959,049;1,432,738 Euros;8526311;4 %
;221;Coatforked;Government Services;2012;59;CA;Coronado; € 10,626,672;1,243,956 Euros;9382716;6 %
;223;Admonishbadelynge;Government Services;2010;73;AL;Huntsville; € 9,528,495;4,117,953 Euros;5410542;3 %
;226;Discreetcorrosive;Government Services;2011;197;VA;Sterling; € 7,307,498;5,648,408 Euros;1659090;11 %
;242;Lowdirect;Government Services;2011;56;MD;Annapolis; € 7,112,290;4,691,188 Euros;2421102;2 %
;244;Crashingsubmitted;Government Services;2009;52;VA;Falls Church; € 8,978,177;3,824,137 Euros;5154040;5 %
;247;Chestnutanorexia;Government Services;2013;30;VA;Stafford; € 8,333,540;6,025,148 Euros;2308392;5 %
;248;Waterka;Government Services;2005;115;MD;Columbia; € 6,140,424;6,017,012 Euros;123412;4 %
;251;Clocksgarrulous;Government Services;2014;29;VA;Falls Church; € 10,278,001;4,618,266 Euros;5659735;4 %
;265;Weedycavus;Government Services;2011;150;MD;Rockville; € 8,587,453;6,405,470 Euros;2181983;4 %
;347;Miscutting;Government Services;2002;73;CA;Oxnard; € 10,115,274;6,731,632 Euros;3383642;5 %
;359;Dullbocce;Government Services;2010;25;VA;Reston; € 11,210,858;5,323,160 Euros;5887698;6 %
;368;Radonspoonbill;Government Services;2011;39;CO;Highlands Ranch; € 7,989,604;2,486,140 Euros;5503464;6 %
;384;Befriendogle;Government Services;2009;52;MD;Bethesda; € 13,003,637;2,758,425 Euros;10245212;6 %
;394;Tryfanscaly;Government Services;2010;28;VA;Alexandria; € 8,456,970;7,736,439 Euros;720531;4 %
;409;Bloodhoundthin;Government Services;2000;120;MD;Greenbelt; € 13,712,279;3,837,399 Euros;9874880;4 %
;414;Footshy;Government Services;2012;1224;OH;Columbus; € 5,275,078;1,944,661 Euros;3330417;7 %
;422;Ursastudying;Government Services;2009;661;OK;Oklahoma City; € 4,637,647;1,415,664 Euros;3221983;7 %
;429;Practisemax;Government Services;2001;441;VA;Herndon; € 9,426,357;5,157,735 Euros;4268622;1 %
;440;Crunchabout;Government Services;2010;100;FL;Orlando; € 5,577,373;3,895,975 Euros;1681398;2 %
;442;Scullianpinwheel;Government Services;2011;760;MD;Bethesda; € 15,188,113;4,623,069 Euros;10565044;3 %
;452;Bumhercules;Government Services;2010;55;MD;Rockville; € 6,426,676;5,910,968 Euros;515708;7 %
;455;Blendplacid;Government Services;2014;326;AL;Huntsville; € 10,581,245;4,680,006 Euros;5901239;7 %
;470;Dessertsanchovy;Government Services;2012;124;CA;San Diego; € 11,059,461;4,744,277 Euros;6315184;1 %
;475;Stayspheroid;Government Services;2011;80;VA;Reston; € 8,174,923;2,093,254 Euros;6081669;8 %
;481;Condemnedgenuine;Government Services;2013;28;MD;Silver Spring; € 8,998,948;4,222,422 Euros;4776526;6 %
;488;Fearwhimbrel;Government Services;2013;100;VA;Falls Church; € 10,637,944;7,238,539 Euros;3399405;4 %
;489;Dwindlecertain;Government Services;2008;566;MD;Germantown; € 14,146,990;8,289,795 Euros;5857195;4 %
;494;Shrimpssecurity;Government Services;2009;104;DC;Washington; € 7,919,278;5,355,504 Euros;2563774;5 %
;;;;;;;;;;;
;14;Techline;;2006;65;CA;San Ramon; € 13,898,119;5,470,303 Euros;8427816;23 %
;15;Cityace;;2010;25;CO;Louisville; € 9,254,614;6,249,498 Euros;3005116;6 %